.git/COMMIT_EDITMSG,4779b5635729831105345413ac3793e18ed8b7b5,20
.git/FETCH_HEAD,793669e835f49333e4e3c364ff7840dfb8d97678,106
.git/HEAD,0d1493421bc7973e93372ab58d1789989b8aff3d,21
.git/ORIG_HEAD,1971a0e8425ad96362e518ed14b34661c9de2878,41
.git/config,9d6a7d017bcd609388828842c4f1ce1424d96eaf,316
.git/description,c0fe9c43f6ebda70f04a433e126dadb9a5c0b3a7,73
.git/hooks/applypatch-msg.sample,d4b94e64f1598cd69f66738bbbd71c390e8b7229,478
.git/hooks/commit-msg.sample,b3e4e66c77301551582f4cb645b46c3b2b607a40,896
.git/hooks/fsmonitor-watchman.sample,475c6a2d4f119b8ff52cae2f514fb189bd7a5e99,3327
.git/hooks/post-update.sample,32b88c92c4fcebbe0c6989e523d24776d7f1e9a3,189
.git/hooks/pre-applypatch.sample,128464407a3d318349f9355bf075967519d7642a,424
.git/hooks/pre-commit.sample,8cd9156cdfaf45713dd3cc78575a18f1b997b3bf,1638
.git/hooks/pre-merge-commit.sample,4316d9361589ffe27371c2399e13087c46845a42,416
.git/hooks/pre-push.sample,ab9f9b641c76dcd76db4481f9b6e8e5b5c7c9dfc,1348
.git/hooks/pre-rebase.sample,07883c5daf18dd4ef8e8cc9cc0361becd46c591b,4898
.git/hooks/pre-receive.sample,a4b0727be81c85c5692aab93b0a27e8ce8f0c0c9,544
.git/hooks/prepare-commit-msg.sample,358c5d64f7e368c5beac0814fd872e728359b49b,1492
.git/hooks/update.sample,24f77e0420f4a5a0919b8f81b251a90b056e67e6,3610
.git/index,101a12203066f6e2c745eb6ee0ed2e9da25404f8,30305
.git/info/exclude,abebdcf446a03a51e9150f2d492354eba7b33109,240
.git/logs/HEAD,c105085f1a3e0d61f4249101b33af079e718bc92,992
.git/logs/refs/heads/main,337bf74c39980c1cce2a46142c4cba5e1b11825a,992
.git/logs/refs/remotes/origin/HEAD,9cf311635d0c0b2e8034a3c5ba174669ef290c50,189
.git/logs/refs/remotes/origin/main,6146b51bc3d159a9c1dd4443599b16416d1d99ef,427
.git/objects/03/b372f5fa7553b3a1a4e35690b753a0f6677254,355ffd5fd2ba804828cd2211a60b1375c08188c1,601
.git/objects/0b/5ff95f3c11bcc5997e558f2e11ab36eb3a5538,d263da7a2f8f8919144f555421d9aa4a63836cc4,1357906
.git/objects/12/a86ed7c951bd9646a78db05cb91508f3b28b92,eadcc01aa2a72c672c49efcd1084cb6827a52b93,12232
.git/objects/16/33c8c61169b1aec45d32c6345a23342437188c,a3340cc2e5d370e0221c7312e03f3036e4b17592,8341
.git/objects/24/1a1f68f6c8ca07aea6f9a6610a3e0d04e65649,4d53bab702485b485d7e8327b21c00c88d3196ba,117
.git/objects/2c/715497d4336aceb541a3860b63971b553f3aeb,afa713a1279a8332aa2414aa130eb817812fb5e6,5784
.git/objects/3a/ba22777cc445aead5ac996bc965ea227f2e0ec,2d5b14312fb7602e4d17e2fb7f65212dadf5968f,380
.git/objects/3f/487609388f89cea2525ce0c025b566d3227940,ed21ddca6cf3e41c75e0fb45e0076ff616052352,141
.git/objects/52/1cc083cd84cb6c2fdf504200ee504bf4050a2d,3a08d3bda2ec853a8d692d79810e076dca408409,297
.git/objects/68/ee4d46236a1c8448c5c4aabbc68d8754591657,0eda77e82ed70916f3abeee84f2dd8b50c8985ce,171
.git/objects/69/151ae7dd047b88be1bd9c9f0c3cb4a8594b050,0923dcaa49cda2421e97d98346e33ba483d2c544,174
.git/objects/69/b65d48f210e95e0e788838f31f2e5192c7fae9,89c37da18b4e0ab8d80ebd360e5275c0da47c75c,676
.git/objects/8d/4bc7b9fd59e16abcdd086b116f361c43793673,00dd9dd84e77d29fd46a42c83417d07f04d6c94d,5659
.git/objects/8e/57e42ca1dac646438ae84d7e95ae2c6d65f935,ada582a6f76e0a8978d9bd2ebe00e0ab7498cb8b,69
.git/objects/90/dd4a2e7f217e6de60296201d7fb5cb2c0e6923,3292fd533efee36e8fefe6b9ae071c8291ff4927,48
.git/objects/a0/09bd7bdef9b9dd2fd0d70cb2e1426026673972,bd1ddf28c0c2c4b809639f0025968d1eeb1a4cb3,544
.git/objects/a3/9dd27cc7d0a23c9fc8fa6ff60b9e18aa346706,47bae5a309c8b56b9f6b7fad64a2974c2923581c,788
.git/objects/aa/a4e30803189b63225adcf4434d0e3b5484d19f,82e620c499aed0c0c19e2483c0fb5b543899b817,6119672
.git/objects/ad/29072a86b6b862c110cb6d9c4257f9dd088353,f296372477ccdfeaccc53f66d905a628a7962d54,5860
.git/objects/b0/c5d6e475b13501f724eb927e4873be211d1f5f,056f94f5b8253f3ff7847343aabbdcddaec07d73,12178
.git/objects/c2/a9dc1a3c07d11406b884955255ad66d5557f4d,a5c6f0f209bd0c87fb811db77b25acb2717481aa,1339713
.git/objects/c9/9f757b5a1a1f96edbdf437e1fd2f8a5d550a19,46d10309fba7e68ead99437eb0cedda20398c07f,381
.git/objects/cf/90c7f488280665cc7c30acf6f78c6e4c0903e2,4edc009f9770f0ac0b059231911598ab91adfd9f,305
.git/objects/d5/699fc96b5c657728c0307adf6b21696d90c77e,cedb0857826439331fb48f7d3b4da0c5a5abfd3f,199
.git/objects/d6/4e63cc87c1463be29f2015f3fa66901754d442,56de7b73bcd38ce46c612bd97a5a948fdacd4e3f,239
.git/objects/db/ba74966e67de7fb904d4e4d6300e411996174c,c84f39cef72d66c192ae37d65f003243c4e1ffb4,196
.git/objects/dc/4aae2efff0e7064cb5cb152cd3df4f159fddc0,ce52cea350c20aa20b9b90804fe63e91a87eca08,4469
.git/objects/ea/a1fa3d60fda90b2b50a689e1a3fab52c32c522,43d8f2a24ee4c176ba1c79dfbf3c6add3096c23f,688
.git/objects/ed/c6b0ea5cc6fec22668d779e8aceface97ef1dc,44eb3614c2ccd7196df2d837828677491f8733c8,210
.git/objects/f8/0025f744f8f492d0e7e46ac3a5abe436470ac0,26d7b0466a21519df7ef249a1ff8486ffc2f2000,349
.git/objects/f8/10789bff8b7f675b1bc527468bb70c48c44d06,6b014d0e11a286327185e16da1600d94b44b721d,622
.git/objects/ff/b28f89307fbbf1d13db65123626c9451feb916,6cee2fc744d6bd6c685a9e4a13c042e3e094e6d7,7991
.git/objects/pack/pack-b8c93a4e2db888a818cf597457c261cf35701994.idx,723438260c2c1e02f7e530c5e43f8612dea36152,9220
.git/objects/pack/pack-b8c93a4e2db888a818cf597457c261cf35701994.pack,cfa17c0f0325f9e8d61e916f281dc5da33879037,19451010
.git/packed-refs,a57d713a66dad5ddcb91baaa3f511425cfcf3ee9,112
.git/refs/heads/main,49a79af9571b6a2039ff03c851d620bf36e9e772,41
.git/refs/remotes/origin/HEAD,0cadb2793b430e5a53fc97bb99a794248bd39935,30
.git/refs/remotes/origin/main,c77de788aee8fe5a80c9075adeaaad7a06af1bb4,41
README.md,8ec9a00bfd09b3190ac6b22251dbb1aa95a0579d,658
gen-sign.sh,6f85602324a5cc925e2cf84995e831d678f75be1,287
how-to-verify-source-code-consistency.md,65cf921a15f1fb7a9a0760ba7e44d40ef21df4f3,867
html/.nojekyll,02415407f0382d7f1ee5673aace8e8e079cf896f,0
html/404.html,095d9755c1a57e339865757613d7342e81dafb1c,19449
html/_next/static/chunks/101.39f72a961ed576fdb1e1.js,a1a15629d534180ec90ddcfd7dbde2bddb096d72,131928
html/_next/static/chunks/1081.cc57fec163221759f189.js,b93a23a6a63d27a5a6e4bf4615d6a0472baa2766,20916
html/_next/static/chunks/1125.8e6cedf357db8609d256.js,cae03964012573fe28411714f384bcac07352214,123
html/_next/static/chunks/1183.8977e9ea74ee56641e46.js,af35eeed2700d2961eba8b66a4c9aa2a8ab3af13,967
html/_next/static/chunks/121-f39522b493cca1f18c81.js,89744acab5322b88608c108be43c429624595e26,202044
html/_next/static/chunks/1455.b8b81c493d44a4c879bd.js,0d5f873cd586a87ee2ce983cc92683e912f2c289,11888
html/_next/static/chunks/1717.658102f23dad0bc5e718.js,ca8595aac16c24fce162cc466d5dfe76dde9b9c9,65523
html/_next/static/chunks/1846.44c6ff6218701ace7124.js,e52fce9f7c532a8224dfdd03ce60054cf3a4ac41,2391
html/_next/static/chunks/1964.00363b23639eb6c981fb.js,9824aab2a48809ed74b2ba0d583b8a1593db8219,14017
html/_next/static/chunks/1978.667870fb3494404facec.js,e0fc3d4da075bc3a351a9e348d6833fd28c0bbbf,3283
html/_next/static/chunks/1990-965a8fe6e353de18ec68.js,a677a33bcaf055f78eecf68b457fc935abfa9e55,63045
html/_next/static/chunks/215.e7a2d1016d870b74ec77.js,c3e86134d5f94f07070855ea886f9fd404ff4dc3,34089
html/_next/static/chunks/21653eb8.94d91a0b5adacef15a7b.js,8dc354082ae2fd87332109956446b82a2a3af24f,303711
html/_next/static/chunks/2365.26a287d126fac3ea6dcd.js,5d9dbe2b729f1a75f5ece0ec27bd56ef4ffbeb05,2379
html/_next/static/chunks/241e8bcc.147868d8989b7c95f702.js,3fadf8bfb2e48d4cfd3f1f485c9e6bdcb9c11e5f,90886
html/_next/static/chunks/2480.ecdfafaca2f343179bba.js,37b3ac2270f3f6a8b50e73e7941fdd79f01a6120,501619
html/_next/static/chunks/2602.1705f913bb4c90910721.js,aec3ab120ab2b47afabbe99105c2b82d0de359d2,86
html/_next/static/chunks/2603.145b169a508eb5563de2.js,764bb605319544b595577d5add3239fb073200de,3299
html/_next/static/chunks/2652.e6ecbb630873190f27c0.js,f5740b9bf73b3c808dc4ae829c325cfe3f925504,19782
html/_next/static/chunks/272fed90.e306750af026f20cf72d.js,87b07e9e9662dbb0f87deebb3497f00af0806971,72735
html/_next/static/chunks/277d8923.bd4a4eca4806ea67d5b0.js,c7913fcf6b79f82a7417ac2bc2c72074c518a095,873753
html/_next/static/chunks/286.cabac10daa73bb7038e8.js,7bf9b11ae0e3be11adf9234d1652455d181b73f5,29850
html/_next/static/chunks/29107295.92761a4416665664babd.js,d291c944a922919e08bdcf83e58166e881fb44ce,71675
html/_next/static/chunks/3198.85f070fe8e15e82b9a14.js,adc0a941dedda5385ec49212a96cbcfd86425f03,374562
html/_next/static/chunks/3277.7615c3b092934026f836.js,b9ebffcf2a1e6085013fbb47855312140246d83f,91
html/_next/static/chunks/3298.d89224c725172ef56c81.js,901dcd0556f35e5d193552ed68fd5b502fb89b21,7993
html/_next/static/chunks/3449.0690f28d3a936e4324f6.js,11ff26069f253b64a833f462a1c5e03a7b16c2ff,7372
html/_next/static/chunks/351.7f05fb3a9fe943c2f995.js,207418d771b792607dd45bc18701e53b8d5b1603,85481
html/_next/static/chunks/3525.d1345197d05e7f901989.js,18a31937593779a5d1a178c575541ccf8cce8cb1,10216
html/_next/static/chunks/3531.d9627adf352ef22669ac.js,7723b97f777a3583efd34a38593a9ceb79e637de,4586
html/_next/static/chunks/364.588c7d429e00021aa3cf.js,b8a360c3b28a9f18455cea83dcf9de65f4ed8087,8324
html/_next/static/chunks/3678.5e79ea9d8d822515a8d1.js,55ca9d32d7da8455cf5b6111e58f89a753f4fa03,8447
html/_next/static/chunks/3769.dcfe4e8f97e5faddafa6.js,d0d23294ed2a64a1db332fed5d7f02fd463657c5,5724
html/_next/static/chunks/3800.246d8d9b38d495a1f65d.js,19866fc6c35e33683b125b3bf8044a8d17ad8f60,15882
html/_next/static/chunks/3984.98cc8a8f16e839dff4e9.js,97e428b7053974a14c7148a111deb5e766be3084,294639
html/_next/static/chunks/4095.4416e6871bbef1347b71.js,3f68d1d5f5d56207adbeadda15f9be8a6c77bbce,1444
html/_next/static/chunks/4131.dcc41e712eb2324ae675.js,104d215ef6ab5a31936c5c2fd49ea15f9bb4b777,91
html/_next/static/chunks/4318.1d021d183f3f40261273.js,cbeeaf056a222bac6da40651f8d39b4ff0daddc2,98606
html/_next/static/chunks/4330.1d978e64c86491b05b1b.js,2259af3bf6c3d52c8b0d711ff11cb0ba7dcb643f,1905
html/_next/static/chunks/4738.fd6f5ba913488b90c9f2.js,b996fc2df8095b340dd250aa8b9c7b286647b565,24581
html/_next/static/chunks/4783.fe31633a42a6102fecd8.js,d6fb82c7a046798aa05cfea42ff3dd8e4fe6c41a,7331
html/_next/static/chunks/4855.0e41fccdd4219ff51eda.js,b1a7a85fd0b600c433d7504595ba2eb9f0debc1d,10808
html/_next/static/chunks/4891.d29406548fbbadc37f91.js,dcbc77f14a3b4519949c0a33ab59f197b72ed420,2912
html/_next/static/chunks/5256-3a7e789d8129be930223.js,85a0ae00f741beb7af22dfc744550e1c503a45f9,56542
html/_next/static/chunks/5397.f8f8b926d28704ec2222.js,fd67212910fc5f3c992f6952735cbd546e8e43f1,9104
html/_next/static/chunks/55a21ef8.0671d2ade58084b30b69.js,8e35950ec8e811b64035490b6919ad7a990b2b62,481177
html/_next/static/chunks/5682.934c3f253dc063b37671.js,cf1c47657886a0e4c0c45ca8c7f2e491931cccce,63696
html/_next/static/chunks/5699-7db237662c748e4b574e.js,1b4fbbab7a57aab09a6f3ef4970a448439497146,685576
html/_next/static/chunks/57902cb5.83a199fe2015b1fb09da.js,ec567d34c957a9f7022c2e7d385150af6175e54c,235067
html/_next/static/chunks/5798.70feb2c097b4a3b5ba66.js,d7ee982a9730a8517c460a8da0fdef8ef79176a3,2833
html/_next/static/chunks/5822.3380df1d7279c35652ec.js,dd88b05f5b715d4bac9070118134b943141a93a2,9448
html/_next/static/chunks/5943.3a72dbe71c9699ef12c0.js,f532f4a6e3dea9a900aab45cb0bda62f77212d33,66136
html/_next/static/chunks/5982.6fc4afebb846dd4e8d39.js,be919190ba401c2d5e9b4ce4db33940446515ebc,27447
html/_next/static/chunks/5986-5436ef10c24d5fff003a.js,4fcab60e7ce9578e0fabda768a0c2269c2d2e18b,109647
html/_next/static/chunks/6368.dfc8d98690f9c24d17b6.js,2618bf388f43c607874d185489958c0718280b99,5821
html/_next/static/chunks/6519-9d03e6d4ea2668b137d0.js,c97d7fe6104d03fe81f10b3ffd3c1d0ba8cb06f4,16321
html/_next/static/chunks/6844.adda18e920d91b0b3427.js,a9f06c355d665593c26ccc566e29ed0b6ac12e8c,2754
html/_next/static/chunks/6901.15b6f405a5a7197ec773.js,991a1fa69fe84dbed9e0cb68abf2c60f932200dc,243422
html/_next/static/chunks/6950.9a9aa3751ab00e782013.js,2c16a50cfa957b8c65c6b178af123ff2e7cea5b2,11728
html/_next/static/chunks/6996.afd451e32659a457d2c3.js,e3898db5ac636e925192d38a24dfcabfb4335b26,5347
html/_next/static/chunks/707-89a65d878b2105e0fd4d.js,c9d51ee030ec60bbd0fb673ce4e76d07edf9f17a,7658
html/_next/static/chunks/7404.6b30e467d99e4a414c59.js,7b87c29d5d3637b74887f3d2e53560f740712a1a,1415
html/_next/static/chunks/7576.eb9c14386e3381af13c1.js,f48d30fbdc9311706cffa7fee60541186f7674fd,181
html/_next/static/chunks/758.ed0ece0ab6d14c4213d4.js,9847793179d01b3d6ad22f604c48fbfce2f5ca92,831238
html/_next/static/chunks/769.3f369c8d4f71e705af99.js,b8fcad5a9dea5da2d54cae284174a132feaef1d1,36116
html/_next/static/chunks/7935.57e1442ff496ac17f9cf.js,9e84a053281dbb512bea541fdcd380910d848c12,36526
html/_next/static/chunks/7942.427dbe9019f96d1dc45c.js,5b75f594e4804cbffd639aa7f7cee39a5e447b70,31388
html/_next/static/chunks/8062.cfa706968e889fc30184.js,d50a446f4ad9ad032a712d7ba643f1a6ccb7384e,3189
html/_next/static/chunks/8077.dd62a776618a66b44201.js,c2dc27b89816a020095ce06a3d57d17033d2ac78,14553
html/_next/static/chunks/8198-97eb53f728ec1baf23f5.js,a5684e17a04bdb328beaad505775d222a5ed7ba9,32397
html/_next/static/chunks/8244.872c16bdccbd1c61e15f.js,5494c650373cee0dddd288fcc49db20f190f67f0,4343
html/_next/static/chunks/8319.fd39595df93453ee74f5.js,f31bcd38bca78e2e479c1c252f451a3fb83cdf93,2006
html/_next/static/chunks/8543.5be93d138eb9b62a70a6.js,148ba5de5af39bf918f10db544ed062b7651b38d,86
html/_next/static/chunks/8690.9e5cffc97922da3f1c91.js,1dfc9200f675b97f369da2b54aa72182ad4010b1,105
html/_next/static/chunks/8777.216898cfbdd6db89f282.js,f0dd675d02a77e7c5f6e450ba1f37ed413a76232,86
html/_next/static/chunks/8785.72a2e1711c4f674f0c79.js,d08923e3fadaea1c2120e0c0771318f36b1a7915,91
html/_next/static/chunks/8851.47ac4b7f863b0ac7889a.js,1a2e99b29f726019af658207b108e4e372e716d1,2395
html/_next/static/chunks/8852.0c1515944313c00a5c7d.js,32967a8abbf3621ff7ec1b8cbb8172f9dc18ef93,4390
html/_next/static/chunks/8875.aa530e8d066072de04dd.js,f45b822c42ea5fec20d7f1cd4595abc2074a5ace,63108
html/_next/static/chunks/89433217.e6ed44cdf9cb29e8aed6.js,eb4612619a473fc21838b7d9902d0ad0c0de2e69,144107
html/_next/static/chunks/89aca041.b3ad235831edea2a1eb8.js,a2e11886a669fff32be2533856349dc4f1cfd00d,209657
html/_next/static/chunks/9119.75e7fa10830a0e8af793.js,738884dc3f99390662316da7422d1323bff9a912,13152
html/_next/static/chunks/9157.bca43952537c5637569e.js,9364f8cc180319271039fdf23bbc2b35c6225d4c,124
html/_next/static/chunks/9251-df6de20f2eaaf7ac71ee.js,9b4653385491714596751c1789f1e00dd7df1f56,59561
html/_next/static/chunks/9282.fa743133145ae02c417c.js,77527e12f781d0eb9ddc7975172832b354b5d357,3430
html/_next/static/chunks/9381.9ba198e0b4ba63c540fa.js,891bec5ba9f90306b587b3fce6c85bee457c8a4a,18332
html/_next/static/chunks/9492.2461d456abecb969bb3d.js,e67cc5772eec5b84ed498b81fb5027da641ed9ef,1449
html/_next/static/chunks/9612.94f60b0996320bf6e420.js,828e1373a17f0a4a952813bc436937150b3eb393,105
html/_next/static/chunks/9677.7634e914b99048d9e3b5.js,920a1193d56715c4cd83459a9016f75a2a56aa04,91
html/_next/static/chunks/9685.169bf0198a4089062023.js,9b8071c47c57ea3fb04a7bf258fa687ba2b09dc8,39673
html/_next/static/chunks/9754.4395060ae6bcf9dd6e2a.js,45fa402ba4695640d5edfb210c8991099bd33487,1669
html/_next/static/chunks/9802.7e2e2f0e8510056a07e1.js,9bfae1a038d9e48956d611771093f5d731ea8e99,9642
html/_next/static/chunks/983.2d17fa2967529b7b622e.js,bbb6c1203f91c20c894a6e8fb2b1d41dd4d92b5f,185701
html/_next/static/chunks/9835.f162b88a0081f57843f6.js,045cad65b5ce3fbceaa211aab1495b746ba4eaf4,7671
html/_next/static/chunks/9840.14bdd43adeaf7e6a1290.js,1e1a8dcdf8cac9c3977d7cf5b8f1a2bbf564fcfc,14853
html/_next/static/chunks/9913-bbf10d799bb1e9843b29.js,c0069d1ba6baad03cf453cf7185590e240ae2b03,286610
html/_next/static/chunks/_0237-_f223-_3fc0-_802b-_1e44-_3e83-_19e6-_44dc.js,8737ee6f1935f406737382a4967ca178b94bfe36,1880
html/_next/static/chunks/_045f-_3fc0-_f9d4-_7a28-_cad2-_593c-_802b-_1e44-_3e83-_19e6.js,d22109393a10dd6f2143cf96e0721d24f5c01768,2186
html/_next/static/chunks/_3a49-_3fc0-_802b-_1e44-_3e83-_19e6.js,cb54a618215048b8cfa7e770126146c9790af46a,1562
html/_next/static/chunks/_3fc0-_f9d4-_7a28-_cad2-_593c-_281a-_8c0a-_802b-_1e44-_3e83-_19e6.js,94c8862de254f802dc30a39cdef2a89c9c90cf2d,2345
html/_next/static/chunks/_3fc0-_f9d4-_7a28-_cad2-_593c-_802b-_1e44-_3e83-_19e6-_d200.js,144bce0b9f341243137417850dbfecf1a8b211d1,2186
html/_next/static/chunks/_3fc0-_f9d4-_7a28-_cad2-_593c-_802b-_1e44-_f462-_ea3f-_7874-_ed1b-_d17e-_7ce8-_3e83-_19e6.js,b51f445eab7b9642f3554c45d6fe4f38e6adcc2a,2945
html/_next/static/chunks/_4ad5-_3fc0-_802b-_1e44-_3e83-_19e6.js,fe4ede2419818672b639b7b98a969c91b89cb10e,1562
html/_next/static/chunks/_4ad5.js,4c5a1d1e4bce95fbfc3c6a0b8c784c16a49f1466,791
html/_next/static/chunks/_a449-_3fc0-_f9d4-_7a28-_cad2-_593c-_802b-_1e44-_3e83-_19e6-_0cc0-_aeb7.js,756c6bfd7bd08fc90edb3a4b0d392e0ad3703097,2492
html/_next/static/chunks/_c24f-_3fc0-_802b-_1e44-_3e83-_19e6.js,a8112d25fd0962eef7f49aa43306ef67acdbbfa8,1562
html/_next/static/chunks/_c24f.js,b6b564b2196973330d1f38364551db9076212d23,791
html/_next/static/chunks/_f358-_0904-_3fc0-_802b-_1e44-_3e83-_19e6.js,82439de3c9af16dd2064529039a0a5576d77320e,1721
html/_next/static/chunks/a2b852fc.b38ceff91f8779d2ecb2.js,02ad962dfc6d82bb1626836c90bdde997746b41f,333695
html/_next/static/chunks/amp.js,8e636d20fb14115a7fb7ddd468fc5b3e89b992ee,203861
html/_next/static/chunks/commons-4524db3d0a9ffec87361.js,90563721786e0fd64afe0cacacf7692078f20dea,691245
html/_next/static/chunks/d5124ef6.5968260f4d1bce094956.js,fd4a4efbb1c5613100800e6b8b26ed74bb7c37a0,110001
html/_next/static/chunks/f21f0a11.7f4053d1a09a76806c31.js,4290e784e4511f84c2962363e97befaf1b14cb57,139318
html/_next/static/chunks/framework-5b452597a1733388b19f.js,b16fb588eea4d3fcf872540f81bc184e602c589c,131679
html/_next/static/chunks/helpers_onboard_js.js,29142644da0510bfb15f5a7f605593c5cf43efaa,18109
html/_next/static/chunks/main-2e2f970aa34c0261c4bb.js,74900c9be94978938cc18d8b6b520b603a749bb4,18909
html/_next/static/chunks/main.js,8fc74ee80f7f5b332320d3cb73f7d3a18487c0c3,4330577
html/_next/static/chunks/node_modules_bnc-onboard_dist_esm_balance-55ba2eda_js.js,6e8c2323aaf175546f7213ba089f3910825e70b7,11210
html/_next/static/chunks/node_modules_bnc-onboard_dist_esm_bitpie-a7acfe0e_js.js,6c5f3a049b099b5e0d244bfecea4a364929e8cbf,23697
html/_next/static/chunks/node_modules_bnc-onboard_dist_esm_coinbase-ff2019aa_js.js,25421435f62eec4fc5bbb61e48e22ce0e0fa11d0,18474
html/_next/static/chunks/node_modules_bnc-onboard_dist_esm_connect-945daaba_js.js,f7f24704499ba9af841ac69b3895c4834e65d11e,11330
html/_next/static/chunks/node_modules_bnc-onboard_dist_esm_dcent-aad7ab41_js.js,e0234d8d1127d16aaac44549170443edb15e8c44,18896
html/_next/static/chunks/node_modules_bnc-onboard_dist_esm_detectedwallet-be2637be_js.js,469a44823a33e6422bd5ebdc0614f4c80b3ebaea,16999
html/_next/static/chunks/node_modules_bnc-onboard_dist_esm_fortmatic-4fe9359d_js.js,a7877c38f0d69bac7ede17e4f0636f7119cd0c48,17028
html/_next/static/chunks/node_modules_bnc-onboard_dist_esm_gnosis-19b90e57_js.js,28306c7050aed386fe65786fb043f94e30a8e0f5,20228
html/_next/static/chunks/node_modules_bnc-onboard_dist_esm_hd-wallet-6fc43476_js.js,3cee2f741262a065ed4feffd67469723c0f21408,9009
html/_next/static/chunks/node_modules_bnc-onboard_dist_esm_huobiwallet-0348988e_js.js,c114610e64131601be2b50553716090ac663bd9a,27650
html/_next/static/chunks/node_modules_bnc-onboard_dist_esm_imtoken-cc5e15c9_js.js,b4b1cbd46903017b249c7dfcaa326af2b5d69136,24866
html/_next/static/chunks/node_modules_bnc-onboard_dist_esm_metamask-61289acd_js.js,f5fe7c88be65fcd1029137392672303a25291f21,26645
html/_next/static/chunks/node_modules_bnc-onboard_dist_esm_network-d7fdf0ca_js.js,a8360ccd7eb53d78853e0eafa3318d801389920d,20914
html/_next/static/chunks/node_modules_bnc-onboard_dist_esm_opera-b328ed05_js.js,aa6ac49174a082c1d2f84b6e7b7992f8e22041db,25924
html/_next/static/chunks/node_modules_bnc-onboard_dist_esm_ownbit-b933af7e_js.js,9a30ec0bb22aba573750c8b3fb79e9ce26a5a3a3,19420
html/_next/static/chunks/node_modules_bnc-onboard_dist_esm_status-b68b10b3_js.js,ca19d7bf4f577cd5c6e7688a4489afc0db907e50,19274
html/_next/static/chunks/node_modules_bnc-onboard_dist_esm_torus-a3ead2fc_js.js,a352fb1c6d8f5869874bbbd71e07aed1ccd2e0a1,21870
html/_next/static/chunks/node_modules_bnc-onboard_dist_esm_wallet-connect-b01cbd9e_js.js,bd1800317b831254627b5fb0ea174fc8194c5d8f,27424
html/_next/static/chunks/node_modules_bnc-onboard_dist_esm_wallet-link-b78ddc0e_js.js,98476b8dafc9b93bf70077b6919dc24864497a06,16108
html/_next/static/chunks/node_modules_gnosis_pm_safe-apps-provider_dist_index_js.js,ab9f67e5620bf83a90b7d416c03644b0b9cf15ea,19365
html/_next/static/chunks/node_modules_next_dist_client_dev_noop_js.js,564496f68d4a80f77e3923abe1eb0f5d70ed0e85,3912
html/_next/static/chunks/pages/_app-41355be43a68f57bc70e.js,9b40bfaf1ef32ee7327c785ec5dd49e7adef65c0,11486
html/_next/static/chunks/pages/_app.js,ce46d4891b5b403f8531f580ecbc7f300a57439f,10842801
html/_next/static/chunks/pages/_error-fba039224f4a01f0ed2f.js,8f4f74c7f2dcbbd9ebb75f914ed838ca93578c7c,2474
html/_next/static/chunks/pages/_error.js,824ae9fcba5bb4c54ea56ae9a87774a6900cc05e,289854
html/_next/static/chunks/pages/gallery-fddef2dfd2e8abcf8717.js,98110b8b481c6ec16c9482344eec9c82a6678039,9172
html/_next/static/chunks/pages/index-5113731a40dfe5df4fab.js,93c25067b70d1159e3abe52a7b01675c9dae6c88,28295
html/_next/static/chunks/pages/index.js,33e88764699d6ea13cf96582ee64e25f6023726d,21223046
html/_next/static/chunks/pages/next/dist/pages/_error.js,3a30518f8c11ca948577e9ce0fb6c0ce53e4ed2d,290870
html/_next/static/chunks/polyfills-ec4e5916daa21dfc2df4.js,c48ab61b732361b1b85f197aeb058d40bfc5d150,92022
html/_next/static/chunks/polyfills.js,5a9e450da6530bf295ecd15f191f6e1475eb6474,252794
html/_next/static/chunks/react-refresh.js,5ab6d265d106049a1dc332ccb6a2eca200bfe0ce,77665
html/_next/static/chunks/vendors-node_modules_assert_build_assert_js-node_modules_assert_build_internal_assert_asserti-d1eadf.js,1a7a51c48ab15e6225245bcbb0850db3c1f94d76,391567
html/_next/static/chunks/vendors-node_modules_async_eachSeries_js-node_modules_async_map_js-node_modules_async_paralle-cac9b5.js,9cb933f051570c00f1991ae2058c4a60dffc15ee,102230
html/_next/static/chunks/vendors-node_modules_authereum_dist_index_js.js,ef9a17345eb18083dbfb80f0c3f0e031b0aeccc2,3053416
html/_next/static/chunks/vendors-node_modules_bnc-onboard_dist_esm_alphawallet-48de70ca_js.js,c7e06be74bd9f985ce34e4907d179adb3461d552,37355
html/_next/static/chunks/vendors-node_modules_bnc-onboard_dist_esm_atoken-68fc48b8_js.js,bddcb170d1342ac6c34c10319c60d6d43e152093,58678
html/_next/static/chunks/vendors-node_modules_bnc-onboard_dist_esm_authereum-d17fd2eb_js.js,a182fc1d740cbf2f46b3650e7e147a7002045cb8,36172
html/_next/static/chunks/vendors-node_modules_bnc-onboard_dist_esm_cobovault-28f5eab2_js.js,cd801183402a387adc23a78e727e0bdca8a340e9,1828170
html/_next/static/chunks/vendors-node_modules_bnc-onboard_dist_esm_frame-a3f4e5a5_js.js,62a8f6ddb83da561de5008058fc72e61bb9365f4,40654
html/_next/static/chunks/vendors-node_modules_bnc-onboard_dist_esm_hyperpay-cb53c487_js.js,b00f347f6ae55479aaaac5f8ed0c1ba23a35c814,31990
html/_next/static/chunks/vendors-node_modules_bnc-onboard_dist_esm_index-4a48b5ea_js.js,7dd58737d99753897a3ab47744adc7f364893d59,173765
html/_next/static/chunks/vendors-node_modules_bnc-onboard_dist_esm_lattice-a9225c21_js.js,d29918b61e5b3ffe742b24f17b64ef1604cfdf00,65385
html/_next/static/chunks/vendors-node_modules_bnc-onboard_dist_esm_ledger-e33a98e5_js.js,57efb46516cf6e8354da6335c77138559fc53120,112811
html/_next/static/chunks/vendors-node_modules_bnc-onboard_dist_esm_liquality-0adca826_js.js,3769b180dee7a9491102315c6b293d71ce8b5404,69935
html/_next/static/chunks/vendors-node_modules_bnc-onboard_dist_esm_meetone-10714292_js.js,803c56a571da632b5c010e4d72434d5e1d7ef882,82091
html/_next/static/chunks/vendors-node_modules_bnc-onboard_dist_esm_mykey-d08cad20_js.js,a039da4a7716236cb61e0d507891b44c59736075,47006
html/_next/static/chunks/vendors-node_modules_bnc-onboard_dist_esm_onboard_js.js,c639203047c317552e8e1e44a09e12b150baf589,1746003
html/_next/static/chunks/vendors-node_modules_bnc-onboard_dist_esm_opera-touch-269c38a9_js.js,2cee824dcd236d3af3f7f17c116ce43b55e02f28,31568
html/_next/static/chunks/vendors-node_modules_bnc-onboard_dist_esm_portis-20da3305_js.js,5d964f8451bdbea4f9b1b87684971ebeacf87e0d,31244
html/_next/static/chunks/vendors-node_modules_bnc-onboard_dist_esm_providerEngine-413ddff7_js.js,e11f2038bac92389c6b49c4f9af42db998d5b5f3,577611
html/_next/static/chunks/vendors-node_modules_bnc-onboard_dist_esm_tokenpocket-3b49fdba_js.js,5d490c45cff2d497305033a594b79a761783206c,46541
html/_next/static/chunks/vendors-node_modules_bnc-onboard_dist_esm_trezor-79b1a639_js.js,8207d4b764200165ad42db816d2ae39e39139c20,91106
html/_next/static/chunks/vendors-node_modules_bnc-onboard_dist_esm_trust-366bacfe_js.js,94b22d6dbd4e1cf02263747e6dbb5f61f1781baf,29995
html/_next/static/chunks/vendors-node_modules_bnc-onboard_dist_esm_wallet-io-4db3dbea_js.js,1cb23679ad7f75d5b37a5183fee769029b4c7be3,32493
html/_next/static/chunks/vendors-node_modules_bnc-onboard_dist_esm_xdefi-041b1a64_js.js,517b178f66260a466d1ba84c40e1ebda87040c5e,55588
html/_next/static/chunks/vendors-node_modules_bnc-onboard_node_modules_eth-sig-util_dist_index_js.js,ea9a75315c51c65d29dd8ffcaf1a18155730033b,586193
html/_next/static/chunks/vendors-node_modules_bnc-onboard_node_modules_ethereumjs-tx_dist_index_js.js,a7e9e5bed563fc77e63c30f44717155273bda0e5,431109
html/_next/static/chunks/vendors-node_modules_bnc-onboard_node_modules_ethereumjs-util_dist_browser_index_js.js,5b4b901855f01dfccab0e53e691dd1ab76f33b1b,387723
html/_next/static/chunks/vendors-node_modules_buffer_index_js.js,fd2ddf4183a89c9a877db14e3146631a83a50306,151973
html/_next/static/chunks/vendors-node_modules_create-hash_browser_js-node_modules_elliptic_lib_elliptic_js-node_module-ad4815.js,1c22fa1f3464bf8692bbe4932b284634742e6e6e,1200025
html/_next/static/chunks/vendors-node_modules_crypto-browserify_index_js.js,6b9c9a4b6e009a1f47d13b750f64f10a7bc0e2b7,1248406
html/_next/static/chunks/vendors-node_modules_eth-block-tracker_src_polling_js-node_modules_eth-json-rpc-filters_subsc-c58c54.js,a2d83871765692c53e49e8c987537c0a045ccc18,333559
html/_next/static/chunks/vendors-node_modules_eth-lattice-keyring_index_js.js,e5eba1d5a6435ce89bb8d5efd07ebb10db90638d,1951680
html/_next/static/chunks/vendors-node_modules_eth-provider_browser_js.js,a7cba7a5e5271e787e805ac572166d3847c2551a,225203
html/_next/static/chunks/vendors-node_modules_ethereumjs-abi_index_js.js,1d4059f56251596a62b5b5e10c15a6902b2f88cf,194104
html/_next/static/chunks/vendors-node_modules_ethereumjs-common_dist_index_js.js,057dffbd8afce927b6f59bf88547a0a502de5b20,76526
html/_next/static/chunks/vendors-node_modules_ethereumjs-tx_es5_index_js-node_modules_native-url_dist_index_js-node_mo-915f2e.js,1ca7767b3951741aa4a18d9c1453cada4fbec454,60664
html/_next/static/chunks/vendors-node_modules_ethereumjs-util_dist_index_js.js,09c2484118e0ffc994b44714685e733976ac2e87,114995
html/_next/static/chunks/vendors-node_modules_ethers_lib_esm_index_js.js,a06144a4319e3fd25c6d857e9d080c2579ded1e6,1069967
html/_next/static/chunks/vendors-node_modules_events_events_js.js,3149e71bee2df98993bde66b24d9ce4070dffae9,40495
html/_next/static/chunks/vendors-node_modules_fortmatic_dist_cjs_fortmatic_js.js,fbe2ab021c60a41dd94bdd72818b1b612e7fc02e,96561
html/_next/static/chunks/vendors-node_modules_gnosis_pm_safe-apps-sdk_dist_src_index_js.js,7a5bca9a7fbca3f5f6b2017e734c38faba401e8b,54738
html/_next/static/chunks/vendors-node_modules_hdkey_lib_hdkey_js.js,1519302ad2d898e1d9de4f374a97069d9739f4e9,99638
html/_next/static/chunks/vendors-node_modules_json-stable-stringify_index_js-node_modules_lodash_keys_js-node_modules_-f278bc.js,0eab14533112ff2b7ec1ccde1e304c186974433a,130401
html/_next/static/chunks/vendors-node_modules_ledgerhq_errors_dist_index_js-node_modules_ledgerhq_logs_lib-es_index_js.js,b8f18e6bd6a617f49978018b661219febbc4509a,57929
html/_next/static/chunks/vendors-node_modules_ledgerhq_hw-app-eth_lib-es_Eth_js.js,eec52c4f0184582435047c84dc85ef44c98c56ea,1836997
html/_next/static/chunks/vendors-node_modules_ledgerhq_hw-transport-u2f_lib-es_TransportU2F_js.js,33bfe3676e383e6c89ff4d365b5cbf83206e91ec,85615
html/_next/static/chunks/vendors-node_modules_ledgerhq_hw-transport-webusb_lib-es_TransportWebUSB_js.js,0e754a5f818fe4d5d331ab8713c0456a5df4ef68,322385
html/_next/static/chunks/vendors-node_modules_portis_web3_umd_index_js.js,8c1daa2e99b12b4d7658f8784c48e2dd70bc9d6b,1246992
html/_next/static/chunks/vendors-node_modules_rxjs__esm5_index_js.js,d41671d10f4a339126c4dbf1339d82787f7683ea,614177
html/_next/static/chunks/vendors-node_modules_rxjs__esm5_operators_index_js.js,b5b8ccd24f21ea6e746b2daa7708fd4bbcced270,652441
html/_next/static/chunks/vendors-node_modules_shapeshiftoss_hdwallet-core_dist_index_js.js,52580e45540f70bdcfa4ac7318add31c0bd50f19,1654234
html/_next/static/chunks/vendors-node_modules_shapeshiftoss_hdwallet-keepkey-webusb_dist_index_js.js,b0e557106f72e980748da96a86937ae28552e8e1,8903090
html/_next/static/chunks/vendors-node_modules_toruslabs_torus-embed_dist_torus_cjs_js.js,68df5cf1cd79c4cde069dd2ff169db80f562da11,2359068
html/_next/static/chunks/vendors-node_modules_trezor-connect_lib_index_js.js,259761c77a018798091a19ae5258eca57a4ee0cb,392001
html/_next/static/chunks/vendors-node_modules_walletconnect_web3-provider_dist_cjs_index_js.js,fceaab8d1fea0ac39d71eb236207675e2c3a4d1d,2071408
html/_next/static/chunks/vendors-node_modules_walletlink_dist_index_js.js,10b4b06d802dc3821e085387891a8a90eba308e8,1006793
html/_next/static/chunks/webpack-d3799c9d3be5007219df.js,8898fff9d054f249cfe81fdb402e04ed101a7e45,7093
html/_next/static/chunks/webpack.js,b2e9c1ea4ab30915e9655e2f2517bd967aa9a22e,51569
html/_next/static/css/3afcd35a4811707f3bf1.css,d307db60b9f431fff957802a9d9b41629cea9b1e,1936
html/_next/static/development/_buildManifest.js,696da40bb9e403cf61100892a70033557c3b17fe,296
html/_next/static/development/_ssgManifest.js,80be676c3ff270a34171898f3b6f60ed033528a4,76
html/_next/static/webpack/4ee6bb115b092e51c24a.hot-update.json,dfe865359504e086d520ffab69ee45e1480c23e0,314
html/_next/static/webpack/cbae0fcf7786f1ea5697.hot-update.json,cbe3de4654dd856fe99488023723265d0a57c996,45
html/_next/static/webpack/d2222ffcc00c9da58376.hot-update.json,ae8be03b02cd555c239aa1cf0de1161d3fba8876,31
html/_next/static/webpack/e24345b61519c50b474e.hot-update.json,b4759d7d25e4a7aa2b422a1004b9ceda2b0ffa2e,31
html/_next/static/webpack/pages/index.cbae0fcf7786f1ea5697.hot-update.js,dc3864ffa9e5341846e34f524543fef56e4e893d,23579
html/_next/static/webpack/webpack.4ee6bb115b092e51c24a.hot-update.js,34c5320cec90077a6740a43a21c9410b00dea79d,881
html/_next/static/webpack/webpack.cbae0fcf7786f1ea5697.hot-update.js,1cb65d98d05913a22326b2957385b3d94cf390eb,881
html/_next/static/webpack/webpack.d2222ffcc00c9da58376.hot-update.js,36f48c4902f821521bc6a711c7e2092cae5d229b,881
html/_next/static/webpack/webpack.e24345b61519c50b474e.hot-update.js,e8db0c4366cd148813c23ecb79de9a00bfd68e73,1231
html/favicon.ico,749af6155976816eec51dfbf5de2184e2c76ed35,10899
html/favicon.jpeg,54938eddb5c63b7cd47ae96e3f1eef22f3cc2455,10899
html/gallery.html,b9d1fb8853a065d8552b0668bec14a9ff6985bfc,20311
html/index.html,a8bedfaa63656640e851f999fb4a7e07fed63bdc,20820
html/metamask.svg,35d5c89ffef490a26c416e45cd40a2c813328ecf,5041
html/site.webmanifest,329e8d3b3ded2271923bc256161a400cba4cc68b,360
index.html,f6013a00b362253c64368d6eebc50ea2131754e2,78
public-key.txt,1ea08e5614ff3a37b5712adbf25cab695398ebe3,2448
sha/Makefile,afbe88b6c0f596f6fb139c94c02b8eafb930bf81,307
sha/README.md,4d325e995be60ccc924923f2f5c108f603cc867b,259
sha/go.mod,8c88dc5f6897dbde18802d012fb3594ac0d94e3a,22
sha/sha1-linux,f54ff38976e0545ecabf5d4d6520deef6c89f0ff,2332281
sha/sha1-mac,effa00d6ac7ab5f5d32f763885f60198fd8002ae,2310064
sha/sha1-win,0c40816ae0d4adc58eb043e941f9a017a9ca0a05,2505216
sha/sha1.go,dc370494c4106c286c0dcd885e5686edb7c0d2a0,3734
